Method,Port,Path,Full URL,Auth Required,Headers,Body,Expected Response,Error Responses
GET,4000,/health,http://localhost:4000/health,No,(none),(none),"200 OK | {""status"":""ok""}",(none)
POST,4000,/api/v1/auth/register,http://localhost:4000/api/v1/auth/register,No,Content-Type: application/json,"{""name"":""Ada Lovelace"",""email"":""ada@example.com"",""password"":""password123""}","201 Created | {""user"":{""id"":465,""name"":""Ada Lovelace"",""email"":""ada@example.com"",""tier"":""standard"",""budgetClass"":null,""role"":""user"",""isActive"":true},""accessToken"":""..."",""refreshToken"":""...""}","400 invalid input; 409 {""error"":""An account with that email already exists.""}"
POST,4000,/api/v1/auth/login,http://localhost:4000/api/v1/auth/login,No,Content-Type: application/json,"{""email"":""user@mybudget.local"",""password"":""User@12345""}","200 OK | {""user"":{""id"":464,""name"":""Demo User"",""email"":""user@mybudget.local"",""tier"":""standard"",""budgetClass"":null,""role"":""user"",""isActive"":true},""accessToken"":""..."",""refreshToken"":""...""}","401 {""error"":""Invalid email or password.""}; 403 {""error"":""This account has been deactivated. Contact an administrator.""}"
POST,4000,/api/v1/auth/refresh,http://localhost:4000/api/v1/auth/refresh,No,Content-Type: application/json,"{""refreshToken"":""<refreshToken>""}","200 OK | {""accessToken"":""..."",""refreshToken"":""...""} (old refresh token revoked)","401 {""error"":""Refresh token is invalid or expired.""}; 401 {""error"":""Account no longer active.""}"
POST,4000,/api/v1/auth/logout,http://localhost:4000/api/v1/auth/logout,No,Content-Type: application/json,"{""refreshToken"":""<refreshToken>""}",204 No Content | (empty body),(none)
GET,4000,/api/v1/auth/me,http://localhost:4000/api/v1/auth/me,Yes,Authorization: Bearer <accessToken>,(none),"200 OK | {""id"":464,""name"":""Demo User"",""email"":""user@mybudget.local"",""tier"":""standard"",""budgetClass"":null,""role"":""user"",""isActive"":true}","401 missing/invalid/expired token, or account deleted"
PATCH,4000,/api/v1/auth/me/tier,http://localhost:4000/api/v1/auth/me/tier,Yes,Content-Type: application/json; Authorization: Bearer <accessToken>,"{""tier"":""pro""}",200 OK | UserProfile with updated tier,400 invalid tier value
GET,4000,/api/v1/categories,http://localhost:4000/api/v1/categories,Yes,Authorization: Bearer <accessToken>,(none),"200 OK | [{""key"":""electricity_laundry"",""label"":""Electricity & laundry"",""icon"":""⚡"",""color"":""#FCD34D"",""group"":""Household"",""type"":""expense"",""isCustom"":false}, ...]",401 missing/invalid token
POST,4000,/api/v1/categories,http://localhost:4000/api/v1/categories,Yes,Content-Type: application/json; Authorization: Bearer <accessToken>,"{""name"":""Pet care"",""type"":""expense""}","201 Created | {""key"":""custom_9f909c78"",""label"":""Pet care"",""icon"":""🏷️"",""color"":""#FB923C"",""group"":""Custom"",""type"":""expense"",""isCustom"":true}",400 blank name / invalid type
PATCH,4000,/api/v1/categories/:key,http://localhost:4000/api/v1/categories/custom_a9721fe5,Yes,Content-Type: application/json; Authorization: Bearer <accessToken>,"{""name"":""Pet care""}","200 OK | {""key"":""custom_a9721fe5"",""label"":""Pet care"",""icon"":""🏷️"",""color"":""#60A5FA"",""group"":""Custom"",""type"":""expense"",""isCustom"":true} (key stays stable, only label changes)",400 blank name; 403 system category cannot be renamed; 404 not found / not yours
DELETE,4000,/api/v1/categories/:key,http://localhost:4000/api/v1/categories/custom_9f909c78,Yes,Authorization: Bearer <accessToken>,(none),204 No Content | (empty body),403 system category; 404 not found / not yours; 409 still in use by a transaction
GET,4000,/api/v1/transactions?month=&year=,http://localhost:4000/api/v1/transactions?month=8&year=2026,Yes,Authorization: Bearer <accessToken>,"(none, month/year optional query params)","200 OK | [{""id"":317,""userId"":464,""category"":""fuel_petrol"",""amount"":500,""type"":""expense"",""subcategory"":null,""note"":""test"",""date"":""2026-08-25"",""month"":8,""year"":2026,""created_at"":""2026-08-30 16:10:09.358601+00""}]",401 missing/invalid token
GET,4000,/api/v1/transactions/range?startMonth=&startYear=&endMonth=&endYear=,http://localhost:4000/api/v1/transactions/range?startMonth=7&startYear=2026&endMonth=8&endYear=2026,Yes,Authorization: Bearer <accessToken>,"(none, all 4 query params required)","200 OK | same shape as GET /transactions, across the inclusive month range",401 missing/invalid token
POST,4000,/api/v1/transactions,http://localhost:4000/api/v1/transactions,Yes,Content-Type: application/json; Authorization: Bearer <accessToken>,"{""amount"":500,""type"":""expense"",""category_key"":""fuel_petrol"",""date"":""2026-08-25"",""note"":""test"",""subcategory"":null}","201 Created | {""id"":317,""userId"":464,""category"":""fuel_petrol"",""amount"":500,""type"":""expense"",""subcategory"":null,""note"":""test"",""date"":""2026-08-25"",""month"":8,""year"":2026,""created_at"":""2026-08-30 16:10:09.358601+00""}","400 invalid amount/type/date, or category_key invalid/not yours"
PATCH,4000,/api/v1/transactions/:id,http://localhost:4000/api/v1/transactions/474,Yes,Content-Type: application/json; Authorization: Bearer <accessToken>,"{""amount"":650,""note"":""petrol (corrected)""}","200 OK | {""id"":474,""userId"":464,""category"":""fuel_petrol"",""amount"":650,""type"":""expense"",""subcategory"":null,""note"":""petrol (corrected)"",""date"":""2026-09-13"",""month"":9,""year"":2026,""created_at"":""2026-09-13 11:07:42.223069+00""}",400 empty body / invalid field / invalid category; 404 not found / not yours
DELETE,4000,/api/v1/transactions/:id,http://localhost:4000/api/v1/transactions/317,Yes,Authorization: Bearer <accessToken>,(none),204 No Content | (empty body),"404 {""error"":""Transaction not found.""}"
GET,4000,/api/v1/loans,http://localhost:4000/api/v1/loans,Yes,Authorization: Bearer <accessToken>,(none),"200 OK | [{""id"":195,""userId"":464,""name"":""Test loan"",""principal"":100000,""outstanding"":85000,""emi"":5000,""interest_rate"":null,""tenure_months"":null,""start_date"":null,""loan_type"":null,""lender"":null,""note"":null,""is_active"":true,""created_at"":""2026-08-30T16:10:09.456Z"",""updated_at"":""2026-08-30T16:10:57.311Z""}]",401 missing/invalid token
POST,4000,/api/v1/loans,http://localhost:4000/api/v1/loans,Yes,Content-Type: application/json; Authorization: Bearer <accessToken>,"{""name"":""Test loan"",""principal"":100000,""outstanding"":90000,""emi"":5000,""interest_rate"":null}","201 Created | same shape as GET /loans item, is_active:true by default",400 invalid body
PATCH,4000,/api/v1/loans/:id,http://localhost:4000/api/v1/loans/265,Yes,Content-Type: application/json; Authorization: Bearer <accessToken>,"{""name"":""Car loan (refinanced)"",""emi"":9500,""interest_rate"":7.9} (any non-empty subset of name/principal/outstanding/emi/interest_rate; ""mark EMI paid"" sends just {""outstanding"":outstanding-emi})","200 OK | {""id"":265,""userId"":464,""name"":""Car loan (refinanced)"",""principal"":500000,""outstanding"":400000,""emi"":9500,""interest_rate"":7.9,""tenure_months"":null,""start_date"":null,""loan_type"":null,""lender"":null,""note"":null,""is_active"":true,""created_at"":""2026-09-13T11:07:42.531Z"",""updated_at"":""2026-09-13T11:07:42.742Z""}",400 empty body / invalid field; 404 not found / not yours
DELETE,4000,/api/v1/loans/:id,http://localhost:4000/api/v1/loans/195,Yes,Authorization: Bearer <accessToken>,(none),204 No Content | (empty body),404 not found / not yours
GET,4000,/api/v1/investments,http://localhost:4000/api/v1/investments,Yes,Authorization: Bearer <accessToken>,(none),"200 OK | [{""id"":109,""userId"":464,""name"":""Test fund"",""type"":""Mutual fund"",""amount"":10000,""current_value"":10000,""start_date"":""2026-08-30"",""maturity_date"":null,""returns_percent"":0,""note"":null,""created_at"":""2026-08-30T16:10:09.541Z"",""updated_at"":""2026-08-30T16:10:09.541Z""}]",401 missing/invalid token
POST,4000,/api/v1/investments,http://localhost:4000/api/v1/investments,Yes,Content-Type: application/json; Authorization: Bearer <accessToken>,"{""name"":""Test fund"",""type"":""Mutual fund"",""amount"":10000,""current_value"":12000}","201 Created | same shape as GET /investments item; returns_percent always server-computed, never accept it from client",400 invalid body
PATCH,4000,/api/v1/investments/:id,http://localhost:4000/api/v1/investments/166,Yes,Content-Type: application/json; Authorization: Bearer <accessToken>,"{""current_value"":11000} (any non-empty subset of name/type/amount/current_value)","200 OK | {""id"":166,""userId"":464,""name"":""Index fund"",""type"":""Mutual fund"",""amount"":10000,""current_value"":11000,""start_date"":""2026-09-13"",""maturity_date"":null,""returns_percent"":10,""note"":null,""created_at"":""2026-09-13T11:07:42.809Z"",""updated_at"":""2026-09-13T11:07:43.024Z""} (returns_percent always server-recomputed)",400 empty body / invalid field; 404 not found / not yours
DELETE,4000,/api/v1/investments/:id,http://localhost:4000/api/v1/investments/109,Yes,Authorization: Bearer <accessToken>,(none),204 No Content | (empty body),404 not found / not yours
GET,4000,/api/v1/goals,http://localhost:4000/api/v1/goals,Yes,Authorization: Bearer <accessToken>,(none),"200 OK | [{""id"":171,""userId"":464,""name"":""Test goal"",""target_amount"":50000,""saved_amount"":5000,""deadline"":null,""color"":""#10B981"",""icon"":""star"",""note"":null,""created_at"":""2026-08-30T16:10:09.645Z"",""updated_at"":""2026-08-30T16:10:57.564Z""}]",401 missing/invalid token
POST,4000,/api/v1/goals,http://localhost:4000/api/v1/goals,Yes,Content-Type: application/json; Authorization: Bearer <accessToken>,"{""name"":""Test goal"",""target_amount"":50000,""deadline"":""2027-01-15""} (deadline is YYYY-MM-DD, optional)","201 Created | same shape as GET /goals item, saved_amount:0, color assigned round-robin server-side",400 invalid body (including malformed deadline)
PATCH,4000,/api/v1/goals/:id,http://localhost:4000/api/v1/goals/243,Yes,Content-Type: application/json; Authorization: Bearer <accessToken>,"{""name"":""Emergency fund (6mo)"",""target_amount"":150000,""deadline"":""2027-06-30""} (any non-empty subset of name/target_amount/saved_amount/deadline; used by the goal edit form — ""Add/Remove funds"" now uses POST /goals/:id/contributions instead; send deadline:null to clear it)","200 OK | {""id"":243,""userId"":464,""name"":""Emergency fund (6mo)"",""target_amount"":150000,""saved_amount"":0,""deadline"":""2027-06-30"",""color"":""#10B981"",""icon"":""star"",""note"":null,""created_at"":""2026-09-13T11:07:43.088Z"",""updated_at"":""2026-09-13T11:07:43.294Z""}",400 empty body / non-positive target_amount / negative saved_amount / malformed deadline; 404 not found / not yours
POST,4000,/api/v1/goals/:id/contributions,http://localhost:4000/api/v1/goals/243/contributions,Yes,Content-Type: application/json; Authorization: Bearer <accessToken>,"{""amount"":500,""type"":""add""} (type is ""add"" or ""remove"")","201 Created | {""goal"":{""id"":243,""userId"":464,""name"":""Emergency fund (6mo)"",""target_amount"":150000,""saved_amount"":500,""deadline"":null,""color"":""#10B981"",""icon"":""star"",""note"":null,""created_at"":""2026-09-13T11:07:43.088Z"",""updated_at"":""2026-09-14T09:00:00.000Z""},""contribution"":{""id"":12,""userId"":464,""goal_id"":243,""amount"":500,""type"":""add"",""created_at"":""2026-09-14T09:00:00.000Z""}}",400 invalid body / remove amount exceeds saved_amount; 404 not found / not yours
GET,4000,/api/v1/goals/:id/contributions,http://localhost:4000/api/v1/goals/243/contributions,Yes,Authorization: Bearer <accessToken>,(none),"200 OK | [{""id"":12,""userId"":464,""goal_id"":243,""amount"":500,""type"":""add"",""created_at"":""2026-09-14T09:00:00.000Z""}]",404 not found / not yours
DELETE,4000,/api/v1/goals/:id,http://localhost:4000/api/v1/goals/171,Yes,Authorization: Bearer <accessToken>,(none),204 No Content | (empty body),404 not found / not yours
GET,4000,/api/v1/reports/summary?startMonth=&startYear=&endMonth=&endYear=,http://localhost:4000/api/v1/reports/summary?startMonth=8&startYear=2026&endMonth=8&endYear=2026,Yes,Authorization: Bearer <accessToken>,"(none, all 4 query params required)","200 OK | {""totalIncome"":0,""totalExpense"":500,""netSavings"":-500}",401 missing/invalid token
GET,4000,/api/v1/reports/monthly-series?startMonth=&startYear=&endMonth=&endYear=,http://localhost:4000/api/v1/reports/monthly-series?startMonth=8&startYear=2026&endMonth=8&endYear=2026,Yes,Authorization: Bearer <accessToken>,(none),"200 OK | [{""month"":8,""year"":2026,""label"":""Aug 2026"",""income"":0,""expense"":500,""net"":-500}] (one entry per month in range, zero-filled)",401 missing/invalid token
GET,4000,/api/v1/reports/category-breakdown?startMonth=&startYear=&endMonth=&endYear=&type=,http://localhost:4000/api/v1/reports/category-breakdown?startMonth=8&startYear=2026&endMonth=8&endYear=2026&type=expense,Yes,Authorization: Bearer <accessToken>,"(none, 4 range params + type required)","200 OK | [{""category"":""fuel_petrol"",""total"":500}] (descending by total)",401 missing/invalid token
GET,4000,/api/v1/reports/export.csv?startMonth=&startYear=&endMonth=&endYear=,http://localhost:4000/api/v1/reports/export.csv?startMonth=8&startYear=2026&endMonth=8&endYear=2026,Yes,Authorization: Bearer <accessToken>,(none),"200 OK | Content-Type: text/csv; Content-Disposition: attachment. Body (not JSON): ""date,type,category,amount,note\n2026-08-25,expense,fuel_petrol,500,test""",401 missing/invalid token
GET,4000,/api/v1/reports/debt-payoff?strategy=&extraPerMonth=,http://localhost:4000/api/v1/reports/debt-payoff?strategy=snowball&extraPerMonth=0,Yes,Authorization: Bearer <accessToken>,"(none; strategy default snowball, extraPerMonth default 0)","200 OK | [{""loanId"":195,""name"":""Test loan"",""payoffMonths"":18,""payoffDate"":""2028-02""}]",401 missing/invalid token
GET,4000,/api/v1/reports/goal-eta,http://localhost:4000/api/v1/reports/goal-eta,Yes,Authorization: Bearer <accessToken>,(none),"200 OK | {""avgMonthlySavings"":-166.67,""goals"":[{""goalId"":171,""name"":""Test goal"",""monthsRemaining"":null,""etaDate"":null}]}",401 missing/invalid token
POST,4000,/api/v1/net-worth/snapshot,http://localhost:4000/api/v1/net-worth/snapshot,Yes,Authorization: Bearer <accessToken>,"(none, recomputed entirely server-side)","200 OK | {""id"":97,""userId"":464,""month"":8,""year"":2026,""netWorth"":-80000,""recordedAt"":""2026-08-30T16:10:21.383Z""} (upserts per month)",401 missing/invalid token
GET,4000,/api/v1/net-worth/history,http://localhost:4000/api/v1/net-worth/history,Yes,Authorization: Bearer <accessToken>,(none),"200 OK | [{""month"":8,""year"":2026,""netWorth"":-80000}] (ascending by year, month)",401 missing/invalid token
GET,4000,/api/v1/admin/users,http://localhost:4000/api/v1/admin/users,Yes (admin role),Authorization: Bearer <adminAccessToken>,(none),"200 OK | [{""id"":1,""name"":""Verify User"",""email"":""verify-...@example.com"",""role"":""user"",""tier"":""pro"",""isActive"":true,""budgetClass"":""middle"",""createdAt"":""2026-08-26T13:48:39.998Z""}]","401 no/invalid token; 403 {""error"":""Admin access required.""}"
PATCH,4000,/api/v1/admin/users/:id,http://localhost:4000/api/v1/admin/users/465,Yes (admin role),Content-Type: application/json; Authorization: Bearer <adminAccessToken>,"{""isActive"":false,""role"":""user"",""tier"":""standard""} (at least one field)","200 OK | updated account, same shape as GET /admin/users item",400 empty body / own account; 403 non-admin caller; 404 not found
DELETE,4000,/api/v1/admin/users/:id,http://localhost:4000/api/v1/admin/users/465,Yes (admin role),Authorization: Bearer <adminAccessToken>,(none),"204 No Content | (empty body, cascades to everything that account owns)",400 own account; 403 non-admin caller; 404 not found
